EC	log2_fold_change	valor_p_ajustado
3.6.4.12	31.559312662797197	1.65153989991603e-26
1.1.1.331	22.350098933817602	0.0031501524886559996
2.7.11.1	20.8826391296178	1.16036488529244e-11
1.3.1.75	14.4943836110023	0.003804954520562
3.2.1.39	5.622030435633401	0.007696943691314999
